"id","source","target","type","fidelity","likelihood"
"bar.requisition_approval_public_posting->precedes->bar.outbound_sourcing_talent_pool_contact","bar.requisition_approval_public_posting","bar.outbound_sourcing_talent_pool_contact","precedes","",""
"bar.requisition_approval_public_posting->precedes->bar.application_ingestion","bar.requisition_approval_public_posting","bar.application_ingestion","precedes","",""
"bar.outbound_sourcing_talent_pool_contact->precedes->bar.application_ingestion","bar.outbound_sourcing_talent_pool_contact","bar.application_ingestion","precedes","",""
"bar.outbound_sourcing_talent_pool_contact->precedes->bar.recruiter_screening_call","bar.outbound_sourcing_talent_pool_contact","bar.recruiter_screening_call","precedes","",""
"bar.application_ingestion->precedes->bar.automated_filter_parser_threshold","bar.application_ingestion","bar.automated_filter_parser_threshold","precedes","",""
"bar.automated_filter_parser_threshold->precedes->bar.inbound_screening_triage","bar.automated_filter_parser_threshold","bar.inbound_screening_triage","precedes","",""
"bar.automated_filter_parser_threshold->precedes->bar.recruiter_screening_call","bar.automated_filter_parser_threshold","bar.recruiter_screening_call","precedes","",""
"bar.inbound_screening_triage->precedes->bar.recruiter_screening_call","bar.inbound_screening_triage","bar.recruiter_screening_call","precedes","",""
"bar.recruiter_screening_call->precedes->bar.technical_screen_live_assessment","bar.recruiter_screening_call","bar.technical_screen_live_assessment","precedes","",""
"bar.technical_screen_live_assessment->precedes->bar.take_home_work_sample_evaluation","bar.technical_screen_live_assessment","bar.take_home_work_sample_evaluation","precedes","",""
"bar.technical_screen_live_assessment->precedes->bar.hiring_manager_in_depth_review","bar.technical_screen_live_assessment","bar.hiring_manager_in_depth_review","precedes","",""
"bar.take_home_work_sample_evaluation->precedes->bar.hiring_manager_in_depth_review","bar.take_home_work_sample_evaluation","bar.hiring_manager_in_depth_review","precedes","",""
"bar.hiring_manager_in_depth_review->precedes->bar.team_cross_functional_panel","bar.hiring_manager_in_depth_review","bar.team_cross_functional_panel","precedes","",""
"bar.team_cross_functional_panel->precedes->bar.compensation_levelling_reconciliation","bar.team_cross_functional_panel","bar.compensation_levelling_reconciliation","precedes","",""
"bar.compensation_levelling_reconciliation->precedes->bar.headcount_executive_budget_approval","bar.compensation_levelling_reconciliation","bar.headcount_executive_budget_approval","precedes","",""
"bar.headcount_executive_budget_approval->precedes->bar.reference_background_verification","bar.headcount_executive_budget_approval","bar.reference_background_verification","precedes","",""
"bar.reference_background_verification->precedes->bar.offer_closing_contract_execution","bar.reference_background_verification","bar.offer_closing_contract_execution","precedes","",""
"mech.ats_parser_extraction_failure->operates_at->bar.application_ingestion","mech.ats_parser_extraction_failure","bar.application_ingestion","operates_at","",""
"mech.ats_parser_extraction_failure->operates_at->bar.automated_filter_parser_threshold","mech.ats_parser_extraction_failure","bar.automated_filter_parser_threshold","operates_at","",""
"mech.ats_parser_extraction_failure->emits->A-001","mech.ats_parser_extraction_failure","A-001","emits","void","medium"
"mech.ats_parser_extraction_failure->emits->A-009","mech.ats_parser_extraction_failure","A-009","emits","direct","high"
"mech.ats_parser_extraction_failure->amplifies->mech.automated_keyword_qualification_filter","mech.ats_parser_extraction_failure","mech.automated_keyword_qualification_filter","amplifies","",""
"mech.automated_application_expiration_timeout->operates_at->bar.application_ingestion","mech.automated_application_expiration_timeout","bar.application_ingestion","operates_at","",""
"mech.automated_application_expiration_timeout->operates_at->bar.inbound_screening_triage","mech.automated_application_expiration_timeout","bar.inbound_screening_triage","operates_at","",""
"mech.automated_application_expiration_timeout->emits->A-015","mech.automated_application_expiration_timeout","A-015","emits","direct","high"
"mech.automated_application_expiration_timeout->emits->A-002","mech.automated_application_expiration_timeout","A-002","emits","void","high"
"mech.automated_application_expiration_timeout->emits->A-001","mech.automated_application_expiration_timeout","A-001","emits","void","medium"
"mech.automated_application_expiration_timeout->masks->mech.stale_or_orphaned_job_requisition","mech.automated_application_expiration_timeout","mech.stale_or_orphaned_job_requisition","masks","",""
"mech.automated_keyword_qualification_filter->operates_at->bar.automated_filter_parser_threshold","mech.automated_keyword_qualification_filter","bar.automated_filter_parser_threshold","operates_at","",""
"mech.automated_keyword_qualification_filter->emits->A-009","mech.automated_keyword_qualification_filter","A-009","emits","direct","high"
"mech.automated_keyword_qualification_filter->emits->A-002","mech.automated_keyword_qualification_filter","A-002","emits","euphemism","high"
"mech.automated_keyword_qualification_filter->amplifies->mech.employment_gap_downranking_bias","mech.automated_keyword_qualification_filter","mech.employment_gap_downranking_bias","amplifies","",""
"mech.automated_keyword_qualification_filter->amplifies->mech.mid_process_role_requirement_redefinition","mech.automated_keyword_qualification_filter","mech.mid_process_role_requirement_redefinition","amplifies","",""
"mech.bench_priority_fill->operates_at->bar.requisition_approval_public_posting","mech.bench_priority_fill","bar.requisition_approval_public_posting","operates_at","",""
"mech.bench_priority_fill->operates_at->bar.inbound_screening_triage","mech.bench_priority_fill","bar.inbound_screening_triage","operates_at","",""
"mech.bench_priority_fill->emits->A-002","mech.bench_priority_fill","A-002","emits","euphemism","high"
"mech.bench_priority_fill->emits->A-003","mech.bench_priority_fill","A-003","emits","void","medium"
"mech.bench_priority_fill->emits->A-016","mech.bench_priority_fill","A-016","emits","direct","medium"
"mech.bid_conditional_talent_pool->operates_at->bar.outbound_sourcing_talent_pool_contact","mech.bid_conditional_talent_pool","bar.outbound_sourcing_talent_pool_contact","operates_at","",""
"mech.bid_conditional_talent_pool->emits->A-001","mech.bid_conditional_talent_pool","A-001","emits","void","high"
"mech.bid_conditional_talent_pool->emits->A-012","mech.bid_conditional_talent_pool","A-012","emits","void","high"
"mech.communication_or_working_style_friction->operates_at->bar.recruiter_screening_call","mech.communication_or_working_style_friction","bar.recruiter_screening_call","operates_at","",""
"mech.communication_or_working_style_friction->operates_at->bar.team_cross_functional_panel","mech.communication_or_working_style_friction","bar.team_cross_functional_panel","operates_at","",""
"mech.communication_or_working_style_friction->emits->A-010","mech.communication_or_working_style_friction","A-010","emits","direct","high"
"mech.communication_or_working_style_friction->emits->A-002","mech.communication_or_working_style_friction","A-002","emits","euphemism","high"
"mech.domain_specificity_over_weighting->operates_at->bar.recruiter_screening_call","mech.domain_specificity_over_weighting","bar.recruiter_screening_call","operates_at","",""
"mech.domain_specificity_over_weighting->operates_at->bar.hiring_manager_in_depth_review","mech.domain_specificity_over_weighting","bar.hiring_manager_in_depth_review","operates_at","",""
"mech.domain_specificity_over_weighting->emits->A-018","mech.domain_specificity_over_weighting","A-018","emits","direct","medium"
"mech.domain_specificity_over_weighting->emits->A-002","mech.domain_specificity_over_weighting","A-002","emits","euphemism","high"
"mech.domain_specificity_over_weighting->emits->A-008","mech.domain_specificity_over_weighting","A-008","emits","direct","medium"
"mech.domain_specificity_over_weighting->amplifies->mech.hidden_evaluation_rubric_or_undisclosed_priority","mech.domain_specificity_over_weighting","mech.hidden_evaluation_rubric_or_undisclosed_priority","amplifies","",""
"mech.domain_specificity_over_weighting->masks->mech.genuine_technical_skill_shortfall","mech.domain_specificity_over_weighting","mech.genuine_technical_skill_shortfall","masks","",""
"mech.employment_gap_downranking_bias->operates_at->bar.automated_filter_parser_threshold","mech.employment_gap_downranking_bias","bar.automated_filter_parser_threshold","operates_at","",""
"mech.employment_gap_downranking_bias->operates_at->bar.inbound_screening_triage","mech.employment_gap_downranking_bias","bar.inbound_screening_triage","operates_at","",""
"mech.employment_gap_downranking_bias->emits->A-001","mech.employment_gap_downranking_bias","A-001","emits","void","high"
"mech.employment_gap_downranking_bias->emits->A-002","mech.employment_gap_downranking_bias","A-002","emits","euphemism","high"
"mech.employment_gap_downranking_bias->amplifies->mech.automated_keyword_qualification_filter","mech.employment_gap_downranking_bias","mech.automated_keyword_qualification_filter","amplifies","",""
"mech.experience_age_grading_mismatch->operates_at->bar.inbound_screening_triage","mech.experience_age_grading_mismatch","bar.inbound_screening_triage","operates_at","",""
"mech.experience_age_grading_mismatch->operates_at->bar.recruiter_screening_call","mech.experience_age_grading_mismatch","bar.recruiter_screening_call","operates_at","",""
"mech.experience_age_grading_mismatch->operates_at->bar.hiring_manager_in_depth_review","mech.experience_age_grading_mismatch","bar.hiring_manager_in_depth_review","operates_at","",""
"mech.experience_age_grading_mismatch->emits->A-013","mech.experience_age_grading_mismatch","A-013","emits","direct","high"
"mech.experience_age_grading_mismatch->emits->A-002","mech.experience_age_grading_mismatch","A-002","emits","euphemism","high"
"mech.experience_age_grading_mismatch->amplifies->mech.unstated_compensation_band_discrepancy","mech.experience_age_grading_mismatch","mech.unstated_compensation_band_discrepancy","amplifies","",""
"mech.experience_age_grading_mismatch->masks->mech.genuine_technical_skill_shortfall","mech.experience_age_grading_mismatch","mech.genuine_technical_skill_shortfall","masks","",""
"mech.genuine_technical_skill_shortfall->operates_at->bar.technical_screen_live_assessment","mech.genuine_technical_skill_shortfall","bar.technical_screen_live_assessment","operates_at","",""
"mech.genuine_technical_skill_shortfall->operates_at->bar.take_home_work_sample_evaluation","mech.genuine_technical_skill_shortfall","bar.take_home_work_sample_evaluation","operates_at","",""
"mech.genuine_technical_skill_shortfall->operates_at->bar.hiring_manager_in_depth_review","mech.genuine_technical_skill_shortfall","bar.hiring_manager_in_depth_review","operates_at","",""
"mech.genuine_technical_skill_shortfall->emits->A-008","mech.genuine_technical_skill_shortfall","A-008","emits","direct","high"
"mech.genuine_technical_skill_shortfall->emits->A-002","mech.genuine_technical_skill_shortfall","A-002","emits","euphemism","medium"
"mech.headcount_freeze_or_budget_cancellation->operates_at->bar.team_cross_functional_panel","mech.headcount_freeze_or_budget_cancellation","bar.team_cross_functional_panel","operates_at","",""
"mech.headcount_freeze_or_budget_cancellation->operates_at->bar.headcount_executive_budget_approval","mech.headcount_freeze_or_budget_cancellation","bar.headcount_executive_budget_approval","operates_at","",""
"mech.headcount_freeze_or_budget_cancellation->operates_at->bar.offer_closing_contract_execution","mech.headcount_freeze_or_budget_cancellation","bar.offer_closing_contract_execution","operates_at","",""
"mech.headcount_freeze_or_budget_cancellation->emits->A-003","mech.headcount_freeze_or_budget_cancellation","A-003","emits","direct","high"
"mech.headcount_freeze_or_budget_cancellation->emits->A-011","mech.headcount_freeze_or_budget_cancellation","A-011","emits","direct","high"
"mech.headcount_freeze_or_budget_cancellation->amplifies->mech.stale_or_orphaned_job_requisition","mech.headcount_freeze_or_budget_cancellation","mech.stale_or_orphaned_job_requisition","amplifies","",""
"mech.headcount_freeze_or_budget_cancellation->masks->mech.genuine_technical_skill_shortfall","mech.headcount_freeze_or_budget_cancellation","mech.genuine_technical_skill_shortfall","masks","",""
"mech.headcount_freeze_or_budget_cancellation->masks->mech.stronger_competing_candidate_in_final_cohort","mech.headcount_freeze_or_budget_cancellation","mech.stronger_competing_candidate_in_final_cohort","masks","",""
"mech.hidden_evaluation_rubric_or_undisclosed_priority->operates_at->bar.technical_screen_live_assessment","mech.hidden_evaluation_rubric_or_undisclosed_priority","bar.technical_screen_live_assessment","operates_at","",""
"mech.hidden_evaluation_rubric_or_undisclosed_priority->operates_at->bar.hiring_manager_in_depth_review","mech.hidden_evaluation_rubric_or_undisclosed_priority","bar.hiring_manager_in_depth_review","operates_at","",""
"mech.hidden_evaluation_rubric_or_undisclosed_priority->operates_at->bar.team_cross_functional_panel","mech.hidden_evaluation_rubric_or_undisclosed_priority","bar.team_cross_functional_panel","operates_at","",""
"mech.hidden_evaluation_rubric_or_undisclosed_priority->emits->A-008","mech.hidden_evaluation_rubric_or_undisclosed_priority","A-008","emits","distortion","medium"
"mech.hidden_evaluation_rubric_or_undisclosed_priority->emits->A-014","mech.hidden_evaluation_rubric_or_undisclosed_priority","A-014","emits","direct","high"
"mech.hidden_evaluation_rubric_or_undisclosed_priority->amplifies->mech.hiring_manager_consensus_impasse","mech.hidden_evaluation_rubric_or_undisclosed_priority","mech.hiring_manager_consensus_impasse","amplifies","",""
"mech.hidden_evaluation_rubric_or_undisclosed_priority->masks->mech.genuine_technical_skill_shortfall","mech.hidden_evaluation_rubric_or_undisclosed_priority","mech.genuine_technical_skill_shortfall","masks","",""
"mech.hiring_manager_consensus_impasse->operates_at->bar.team_cross_functional_panel","mech.hiring_manager_consensus_impasse","bar.team_cross_functional_panel","operates_at","",""
"mech.hiring_manager_consensus_impasse->emits->A-014","mech.hiring_manager_consensus_impasse","A-014","emits","direct","high"
"mech.hiring_manager_consensus_impasse->emits->A-002","mech.hiring_manager_consensus_impasse","A-002","emits","euphemism","high"
"mech.hiring_manager_consensus_impasse->masks->mech.stronger_competing_candidate_in_final_cohort","mech.hiring_manager_consensus_impasse","mech.stronger_competing_candidate_in_final_cohort","masks","",""
"mech.inflated_requisition_requirements_vs_actual_team_needs->operates_at->bar.requisition_approval_public_posting","mech.inflated_requisition_requirements_vs_actual_team_needs","bar.requisition_approval_public_posting","operates_at","",""
"mech.inflated_requisition_requirements_vs_actual_team_needs->operates_at->bar.automated_filter_parser_threshold","mech.inflated_requisition_requirements_vs_actual_team_needs","bar.automated_filter_parser_threshold","operates_at","",""
"mech.inflated_requisition_requirements_vs_actual_team_needs->operates_at->bar.recruiter_screening_call","mech.inflated_requisition_requirements_vs_actual_team_needs","bar.recruiter_screening_call","operates_at","",""
"mech.inflated_requisition_requirements_vs_actual_team_needs->emits->A-002","mech.inflated_requisition_requirements_vs_actual_team_needs","A-002","emits","euphemism","high"
"mech.inflated_requisition_requirements_vs_actual_team_needs->emits->A-004","mech.inflated_requisition_requirements_vs_actual_team_needs","A-004","emits","noise","medium"
"mech.inflated_requisition_requirements_vs_actual_team_needs->amplifies->mech.automated_keyword_qualification_filter","mech.inflated_requisition_requirements_vs_actual_team_needs","mech.automated_keyword_qualification_filter","amplifies","",""
"mech.inflated_requisition_requirements_vs_actual_team_needs->amplifies->mech.unstated_compensation_band_discrepancy","mech.inflated_requisition_requirements_vs_actual_team_needs","mech.unstated_compensation_band_discrepancy","amplifies","",""
"mech.interview_resource_scheduling_saturation->operates_at->bar.technical_screen_live_assessment","mech.interview_resource_scheduling_saturation","bar.technical_screen_live_assessment","operates_at","",""
"mech.interview_resource_scheduling_saturation->operates_at->bar.hiring_manager_in_depth_review","mech.interview_resource_scheduling_saturation","bar.hiring_manager_in_depth_review","operates_at","",""
"mech.interview_resource_scheduling_saturation->operates_at->bar.team_cross_functional_panel","mech.interview_resource_scheduling_saturation","bar.team_cross_functional_panel","operates_at","",""
"mech.interview_resource_scheduling_saturation->emits->A-007","mech.interview_resource_scheduling_saturation","A-007","emits","direct","high"
"mech.interview_resource_scheduling_saturation->emits->A-001","mech.interview_resource_scheduling_saturation","A-001","emits","noise","medium"
"mech.interview_resource_scheduling_saturation->amplifies->mech.take_home_evaluation_fatigue_asymmetry","mech.interview_resource_scheduling_saturation","mech.take_home_evaluation_fatigue_asymmetry","amplifies","",""
"mech.location_or_timezone_compliance_constraint->operates_at->bar.automated_filter_parser_threshold","mech.location_or_timezone_compliance_constraint","bar.automated_filter_parser_threshold","operates_at","",""
"mech.location_or_timezone_compliance_constraint->operates_at->bar.recruiter_screening_call","mech.location_or_timezone_compliance_constraint","bar.recruiter_screening_call","operates_at","",""
"mech.location_or_timezone_compliance_constraint->emits->A-017","mech.location_or_timezone_compliance_constraint","A-017","emits","direct","high"
"mech.location_or_timezone_compliance_constraint->emits->A-009","mech.location_or_timezone_compliance_constraint","A-009","emits","direct","high"
"mech.location_or_timezone_compliance_constraint->emits->A-002","mech.location_or_timezone_compliance_constraint","A-002","emits","euphemism","medium"
"mech.mid_process_role_requirement_redefinition->operates_at->bar.hiring_manager_in_depth_review","mech.mid_process_role_requirement_redefinition","bar.hiring_manager_in_depth_review","operates_at","",""
"mech.mid_process_role_requirement_redefinition->operates_at->bar.team_cross_functional_panel","mech.mid_process_role_requirement_redefinition","bar.team_cross_functional_panel","operates_at","",""
"mech.mid_process_role_requirement_redefinition->operates_at->bar.compensation_levelling_reconciliation","mech.mid_process_role_requirement_redefinition","bar.compensation_levelling_reconciliation","operates_at","",""
"mech.mid_process_role_requirement_redefinition->emits->A-003","mech.mid_process_role_requirement_redefinition","A-003","emits","distortion","medium"
"mech.mid_process_role_requirement_redefinition->emits->A-004","mech.mid_process_role_requirement_redefinition","A-004","emits","direct","high"
"mech.mid_process_role_requirement_redefinition->amplifies->mech.unstated_compensation_band_discrepancy","mech.mid_process_role_requirement_redefinition","mech.unstated_compensation_band_discrepancy","amplifies","",""
"mech.mid_process_role_requirement_redefinition->amplifies->mech.inflated_requisition_requirements_vs_actual_team_needs","mech.mid_process_role_requirement_redefinition","mech.inflated_requisition_requirements_vs_actual_team_needs","amplifies","",""
"mech.mid_process_role_requirement_redefinition->masks->mech.genuine_technical_skill_shortfall","mech.mid_process_role_requirement_redefinition","mech.genuine_technical_skill_shortfall","masks","",""
"mech.portfolio_work_artifact_misinterpretation->operates_at->bar.inbound_screening_triage","mech.portfolio_work_artifact_misinterpretation","bar.inbound_screening_triage","operates_at","",""
"mech.portfolio_work_artifact_misinterpretation->operates_at->bar.technical_screen_live_assessment","mech.portfolio_work_artifact_misinterpretation","bar.technical_screen_live_assessment","operates_at","",""
"mech.portfolio_work_artifact_misinterpretation->emits->A-019","mech.portfolio_work_artifact_misinterpretation","A-019","emits","direct","medium"
"mech.portfolio_work_artifact_misinterpretation->emits->A-002","mech.portfolio_work_artifact_misinterpretation","A-002","emits","euphemism","high"
"mech.portfolio_work_artifact_misinterpretation->emits->A-008","mech.portfolio_work_artifact_misinterpretation","A-008","emits","distortion","medium"
"mech.portfolio_work_artifact_misinterpretation->amplifies->mech.genuine_technical_skill_shortfall","mech.portfolio_work_artifact_misinterpretation","mech.genuine_technical_skill_shortfall","amplifies","",""
"mech.pre_selected_internal_candidate->operates_at->bar.requisition_approval_public_posting","mech.pre_selected_internal_candidate","bar.requisition_approval_public_posting","operates_at","",""
"mech.pre_selected_internal_candidate->operates_at->bar.application_ingestion","mech.pre_selected_internal_candidate","bar.application_ingestion","operates_at","",""
"mech.pre_selected_internal_candidate->operates_at->bar.inbound_screening_triage","mech.pre_selected_internal_candidate","bar.inbound_screening_triage","operates_at","",""
"mech.pre_selected_internal_candidate->operates_at->bar.hiring_manager_in_depth_review","mech.pre_selected_internal_candidate","bar.hiring_manager_in_depth_review","operates_at","",""
"mech.pre_selected_internal_candidate->emits->A-016","mech.pre_selected_internal_candidate","A-016","emits","direct","medium"
"mech.pre_selected_internal_candidate->emits->A-002","mech.pre_selected_internal_candidate","A-002","emits","euphemism","high"
"mech.pre_selected_internal_candidate->emits->A-003","mech.pre_selected_internal_candidate","A-003","emits","euphemism","medium"
"mech.pre_selected_internal_candidate->masks->mech.stronger_competing_candidate_in_final_cohort","mech.pre_selected_internal_candidate","mech.stronger_competing_candidate_in_final_cohort","masks","",""
"mech.probation_used_as_extended_de_facto_interview->operates_at->bar.probation_period_post_start_confirmation","mech.probation_used_as_extended_de_facto_interview","bar.probation_period_post_start_confirmation","operates_at","",""
"mech.probation_used_as_extended_de_facto_interview->emits->A-020","mech.probation_used_as_extended_de_facto_interview","A-020","emits","direct","medium"
"mech.probation_used_as_extended_de_facto_interview->emits->A-002","mech.probation_used_as_extended_de_facto_interview","A-002","emits","euphemism","high"
"mech.probation_used_as_extended_de_facto_interview->emits->A-016","mech.probation_used_as_extended_de_facto_interview","A-016","emits","noise","medium"
"mech.recruiter_volume_quota_incentive_distortion->operates_at->bar.inbound_screening_triage","mech.recruiter_volume_quota_incentive_distortion","bar.inbound_screening_triage","operates_at","",""
"mech.recruiter_volume_quota_incentive_distortion->operates_at->bar.recruiter_screening_call","mech.recruiter_volume_quota_incentive_distortion","bar.recruiter_screening_call","operates_at","",""
"mech.recruiter_volume_quota_incentive_distortion->emits->A-001","mech.recruiter_volume_quota_incentive_distortion","A-001","emits","void","high"
"mech.recruiter_volume_quota_incentive_distortion->emits->A-012","mech.recruiter_volume_quota_incentive_distortion","A-012","emits","noise","medium"
"mech.recruiter_volume_quota_incentive_distortion->amplifies->mech.interview_resource_scheduling_saturation","mech.recruiter_volume_quota_incentive_distortion","mech.interview_resource_scheduling_saturation","amplifies","",""
"mech.recruiter_volume_quota_incentive_distortion->masks->mech.automated_keyword_qualification_filter","mech.recruiter_volume_quota_incentive_distortion","mech.automated_keyword_qualification_filter","masks","",""
"mech.reference_check_discrepancy_or_regulatory_ineligibility->operates_at->bar.reference_background_verification","mech.reference_check_discrepancy_or_regulatory_ineligibility","bar.reference_background_verification","operates_at","",""
"mech.reference_check_discrepancy_or_regulatory_ineligibility->emits->A-011","mech.reference_check_discrepancy_or_regulatory_ineligibility","A-011","emits","direct","high"
"mech.reference_check_discrepancy_or_regulatory_ineligibility->emits->A-002","mech.reference_check_discrepancy_or_regulatory_ineligibility","A-002","emits","euphemism","medium"
"mech.speculative_sourcing_talent_pooling_without_opening->operates_at->bar.requisition_approval_public_posting","mech.speculative_sourcing_talent_pooling_without_opening","bar.requisition_approval_public_posting","operates_at","",""
"mech.speculative_sourcing_talent_pooling_without_opening->operates_at->bar.outbound_sourcing_talent_pool_contact","mech.speculative_sourcing_talent_pooling_without_opening","bar.outbound_sourcing_talent_pool_contact","operates_at","",""
"mech.speculative_sourcing_talent_pooling_without_opening->operates_at->bar.inbound_screening_triage","mech.speculative_sourcing_talent_pooling_without_opening","bar.inbound_screening_triage","operates_at","",""
"mech.speculative_sourcing_talent_pooling_without_opening->operates_at->bar.recruiter_screening_call","mech.speculative_sourcing_talent_pooling_without_opening","bar.recruiter_screening_call","operates_at","",""
"mech.speculative_sourcing_talent_pooling_without_opening->emits->A-012","mech.speculative_sourcing_talent_pooling_without_opening","A-012","emits","distortion","high"
"mech.speculative_sourcing_talent_pooling_without_opening->emits->A-001","mech.speculative_sourcing_talent_pooling_without_opening","A-001","emits","void","medium"
"mech.speculative_sourcing_talent_pooling_without_opening->amplifies->mech.recruiter_volume_quota_incentive_distortion","mech.speculative_sourcing_talent_pooling_without_opening","mech.recruiter_volume_quota_incentive_distortion","amplifies","",""
"mech.stale_or_orphaned_job_requisition->operates_at->bar.requisition_approval_public_posting","mech.stale_or_orphaned_job_requisition","bar.requisition_approval_public_posting","operates_at","",""
"mech.stale_or_orphaned_job_requisition->operates_at->bar.application_ingestion","mech.stale_or_orphaned_job_requisition","bar.application_ingestion","operates_at","",""
"mech.stale_or_orphaned_job_requisition->operates_at->bar.automated_filter_parser_threshold","mech.stale_or_orphaned_job_requisition","bar.automated_filter_parser_threshold","operates_at","",""
"mech.stale_or_orphaned_job_requisition->operates_at->bar.inbound_screening_triage","mech.stale_or_orphaned_job_requisition","bar.inbound_screening_triage","operates_at","",""
"mech.stale_or_orphaned_job_requisition->emits->A-001","mech.stale_or_orphaned_job_requisition","A-001","emits","void","high"
"mech.stale_or_orphaned_job_requisition->emits->A-004","mech.stale_or_orphaned_job_requisition","A-004","emits","noise","medium"
"mech.stale_or_orphaned_job_requisition->amplifies->mech.automated_application_expiration_timeout","mech.stale_or_orphaned_job_requisition","mech.automated_application_expiration_timeout","amplifies","",""
"mech.start_date_slippage_and_post_acceptance_revocation->operates_at->bar.offer_closing_contract_execution","mech.start_date_slippage_and_post_acceptance_revocation","bar.offer_closing_contract_execution","operates_at","",""
"mech.start_date_slippage_and_post_acceptance_revocation->operates_at->bar.probation_period_post_start_confirmation","mech.start_date_slippage_and_post_acceptance_revocation","bar.probation_period_post_start_confirmation","operates_at","",""
"mech.start_date_slippage_and_post_acceptance_revocation->emits->A-020","mech.start_date_slippage_and_post_acceptance_revocation","A-020","emits","direct","high"
"mech.start_date_slippage_and_post_acceptance_revocation->emits->A-001","mech.start_date_slippage_and_post_acceptance_revocation","A-001","emits","void","medium"
"mech.start_date_slippage_and_post_acceptance_revocation->emits->A-011","mech.start_date_slippage_and_post_acceptance_revocation","A-011","emits","euphemism","medium"
"mech.stronger_competing_candidate_in_final_cohort->operates_at->bar.hiring_manager_in_depth_review","mech.stronger_competing_candidate_in_final_cohort","bar.hiring_manager_in_depth_review","operates_at","",""
"mech.stronger_competing_candidate_in_final_cohort->operates_at->bar.team_cross_functional_panel","mech.stronger_competing_candidate_in_final_cohort","bar.team_cross_functional_panel","operates_at","",""
"mech.stronger_competing_candidate_in_final_cohort->operates_at->bar.headcount_executive_budget_approval","mech.stronger_competing_candidate_in_final_cohort","bar.headcount_executive_budget_approval","operates_at","",""
"mech.stronger_competing_candidate_in_final_cohort->emits->A-002","mech.stronger_competing_candidate_in_final_cohort","A-002","emits","euphemism","high"
"mech.stronger_competing_candidate_in_final_cohort->emits->A-003","mech.stronger_competing_candidate_in_final_cohort","A-003","emits","distortion","low"
"mech.stronger_competing_candidate_in_final_cohort->masks->mech.genuine_technical_skill_shortfall","mech.stronger_competing_candidate_in_final_cohort","mech.genuine_technical_skill_shortfall","masks","",""
"mech.take_home_evaluation_fatigue_asymmetry->operates_at->bar.take_home_work_sample_evaluation","mech.take_home_evaluation_fatigue_asymmetry","bar.take_home_work_sample_evaluation","operates_at","",""
"mech.take_home_evaluation_fatigue_asymmetry->emits->A-006","mech.take_home_evaluation_fatigue_asymmetry","A-006","emits","noise","medium"
"mech.take_home_evaluation_fatigue_asymmetry->emits->A-002","mech.take_home_evaluation_fatigue_asymmetry","A-002","emits","euphemism","high"
"mech.take_home_evaluation_fatigue_asymmetry->amplifies->mech.interview_resource_scheduling_saturation","mech.take_home_evaluation_fatigue_asymmetry","mech.interview_resource_scheduling_saturation","amplifies","",""
"mech.take_home_evaluation_fatigue_asymmetry->masks->mech.genuine_technical_skill_shortfall","mech.take_home_evaluation_fatigue_asymmetry","mech.genuine_technical_skill_shortfall","masks","",""
"mech.unstated_compensation_band_discrepancy->operates_at->bar.recruiter_screening_call","mech.unstated_compensation_band_discrepancy","bar.recruiter_screening_call","operates_at","",""
"mech.unstated_compensation_band_discrepancy->operates_at->bar.compensation_levelling_reconciliation","mech.unstated_compensation_band_discrepancy","bar.compensation_levelling_reconciliation","operates_at","",""
"mech.unstated_compensation_band_discrepancy->emits->A-002","mech.unstated_compensation_band_discrepancy","A-002","emits","euphemism","high"
"mech.unstated_compensation_band_discrepancy->emits->A-005","mech.unstated_compensation_band_discrepancy","A-005","emits","direct","medium"
"mech.unstated_compensation_band_discrepancy->emits->A-013","mech.unstated_compensation_band_discrepancy","A-013","emits","euphemism","medium"
"mech.unstated_compensation_band_discrepancy->amplifies->mech.mid_process_role_requirement_redefinition","mech.unstated_compensation_band_discrepancy","mech.mid_process_role_requirement_redefinition","amplifies","",""
"mech.unstated_compensation_band_discrepancy->masks->mech.genuine_technical_skill_shortfall","mech.unstated_compensation_band_discrepancy","mech.genuine_technical_skill_shortfall","masks","",""
"A-003->instantiates->pat.closed_then_reposted_requisition_motif","A-003","pat.closed_then_reposted_requisition_motif","instantiates","",""
"A-004->instantiates->pat.closed_then_reposted_requisition_motif","A-004","pat.closed_then_reposted_requisition_motif","instantiates","",""
"mech.stronger_competing_candidate_in_final_cohort->instantiates->pat.closed_then_reposted_requisition_motif","mech.stronger_competing_candidate_in_final_cohort","pat.closed_then_reposted_requisition_motif","instantiates","",""
"mech.stale_or_orphaned_job_requisition->instantiates->pat.closed_then_reposted_requisition_motif","mech.stale_or_orphaned_job_requisition","pat.closed_then_reposted_requisition_motif","instantiates","",""
"mech.hidden_evaluation_rubric_or_undisclosed_priority->instantiates->pat.closed_then_reposted_requisition_motif","mech.hidden_evaluation_rubric_or_undisclosed_priority","pat.closed_then_reposted_requisition_motif","instantiates","",""
"mech.mid_process_role_requirement_redefinition->instantiates->pat.closed_then_reposted_requisition_motif","mech.mid_process_role_requirement_redefinition","pat.closed_then_reposted_requisition_motif","instantiates","",""
"A-002->instantiates->pat.compensation_double_bind","A-002","pat.compensation_double_bind","instantiates","",""
"A-005->instantiates->pat.compensation_double_bind","A-005","pat.compensation_double_bind","instantiates","",""
"mech.unstated_compensation_band_discrepancy->instantiates->pat.compensation_double_bind","mech.unstated_compensation_band_discrepancy","pat.compensation_double_bind","instantiates","",""
"mech.experience_age_grading_mismatch->instantiates->pat.compensation_double_bind","mech.experience_age_grading_mismatch","pat.compensation_double_bind","instantiates","",""
"A-002->instantiates->pat.experience_age_impossibility","A-002","pat.experience_age_impossibility","instantiates","",""
"A-009->instantiates->pat.experience_age_impossibility","A-009","pat.experience_age_impossibility","instantiates","",""
"mech.automated_keyword_qualification_filter->instantiates->pat.experience_age_impossibility","mech.automated_keyword_qualification_filter","pat.experience_age_impossibility","instantiates","",""
"mech.inflated_requisition_requirements_vs_actual_team_needs->instantiates->pat.experience_age_impossibility","mech.inflated_requisition_requirements_vs_actual_team_needs","pat.experience_age_impossibility","instantiates","",""
"A-002->instantiates->pat.seniority_double_bind","A-002","pat.seniority_double_bind","instantiates","",""
"A-013->instantiates->pat.seniority_double_bind","A-013","pat.seniority_double_bind","instantiates","",""
"mech.genuine_technical_skill_shortfall->instantiates->pat.seniority_double_bind","mech.genuine_technical_skill_shortfall","pat.seniority_double_bind","instantiates","",""
"mech.unstated_compensation_band_discrepancy->instantiates->pat.seniority_double_bind","mech.unstated_compensation_band_discrepancy","pat.seniority_double_bind","instantiates","",""
"mech.experience_age_grading_mismatch->instantiates->pat.seniority_double_bind","mech.experience_age_grading_mismatch","pat.seniority_double_bind","instantiates","",""
"I-001->targets->mech.stale_or_orphaned_job_requisition","I-001","mech.stale_or_orphaned_job_requisition","targets","",""
"I-001->targets->bar.application_ingestion","I-001","bar.application_ingestion","targets","",""
"I-001->mitigates->pat.closed_then_reposted_requisition_motif","I-001","pat.closed_then_reposted_requisition_motif","mitigates","",""
"I-001->mitigates->L-003","I-001","L-003","mitigates","",""
"I-002->targets->mech.unstated_compensation_band_discrepancy","I-002","mech.unstated_compensation_band_discrepancy","targets","",""
"I-002->targets->bar.recruiter_screening_call","I-002","bar.recruiter_screening_call","targets","",""
"I-002->targets->bar.compensation_levelling_reconciliation","I-002","bar.compensation_levelling_reconciliation","targets","",""
"I-002->mitigates->pat.seniority_double_bind","I-002","pat.seniority_double_bind","mitigates","",""
"I-002->mitigates->pat.compensation_double_bind","I-002","pat.compensation_double_bind","mitigates","",""
"I-003->targets->mech.genuine_technical_skill_shortfall","I-003","mech.genuine_technical_skill_shortfall","targets","",""
"I-003->targets->mech.hidden_evaluation_rubric_or_undisclosed_priority","I-003","mech.hidden_evaluation_rubric_or_undisclosed_priority","targets","",""
"I-003->targets->bar.hiring_manager_in_depth_review","I-003","bar.hiring_manager_in_depth_review","targets","",""
"I-003->targets->bar.team_cross_functional_panel","I-003","bar.team_cross_functional_panel","targets","",""
"I-003->targets->bar.client_profile_approval_and_client_interview","I-003","bar.client_profile_approval_and_client_interview","targets","",""
"I-003->mitigates->pat.seniority_double_bind","I-003","pat.seniority_double_bind","mitigates","",""
"I-003->mitigates->pat.closed_then_reposted_requisition_motif","I-003","pat.closed_then_reposted_requisition_motif","mitigates","",""
"I-003->mitigates->L-003","I-003","L-003","mitigates","",""
"I-004->targets->mech.employment_gap_downranking_bias","I-004","mech.employment_gap_downranking_bias","targets","",""
"I-004->mitigates->L-001","I-004","L-001","mitigates","",""
"I-005->targets->mech.ats_parser_extraction_failure","I-005","mech.ats_parser_extraction_failure","targets","",""
"I-005->targets->bar.automated_filter_parser_threshold","I-005","bar.automated_filter_parser_threshold","targets","",""
"I-005->mitigates->pat.experience_age_impossibility","I-005","pat.experience_age_impossibility","mitigates","",""
"I-006->targets->mech.take_home_evaluation_fatigue_asymmetry","I-006","mech.take_home_evaluation_fatigue_asymmetry","targets","",""
"I-006->mitigates->L-002","I-006","L-002","mitigates","",""
"I-006->targets->bar.take_home_work_sample_evaluation","I-006","bar.take_home_work_sample_evaluation","targets","",""
"I-007->targets->mech.inflated_requisition_requirements_vs_actual_team_needs","I-007","mech.inflated_requisition_requirements_vs_actual_team_needs","targets","",""
"I-007->targets->bar.requisition_approval_public_posting","I-007","bar.requisition_approval_public_posting","targets","",""
"I-007->mitigates->L-003","I-007","L-003","mitigates","",""
"I-008->targets->mech.pre_selected_internal_candidate","I-008","mech.pre_selected_internal_candidate","targets","",""
"I-008->targets->bar.requisition_approval_public_posting","I-008","bar.requisition_approval_public_posting","targets","",""
"I-009->targets->bar.outbound_sourcing_talent_pool_contact","I-009","bar.outbound_sourcing_talent_pool_contact","targets","",""
"I-009->targets->mech.speculative_sourcing_talent_pooling_without_opening","I-009","mech.speculative_sourcing_talent_pooling_without_opening","targets","",""
"I-009->targets->mech.bid_conditional_talent_pool","I-009","mech.bid_conditional_talent_pool","targets","",""
"I-010->targets->bar.inbound_screening_triage","I-010","bar.inbound_screening_triage","targets","",""
"I-010->targets->mech.recruiter_volume_quota_incentive_distortion","I-010","mech.recruiter_volume_quota_incentive_distortion","targets","",""
"I-010->targets->mech.automated_application_expiration_timeout","I-010","mech.automated_application_expiration_timeout","targets","",""
"I-011->targets->bar.inbound_screening_triage","I-011","bar.inbound_screening_triage","targets","",""
"I-011->targets->mech.experience_age_grading_mismatch","I-011","mech.experience_age_grading_mismatch","targets","",""
"I-011->targets->mech.portfolio_work_artifact_misinterpretation","I-011","mech.portfolio_work_artifact_misinterpretation","targets","",""
"I-012->targets->mech.portfolio_work_artifact_misinterpretation","I-012","mech.portfolio_work_artifact_misinterpretation","targets","",""
"I-012->targets->bar.technical_screen_live_assessment","I-012","bar.technical_screen_live_assessment","targets","",""
"I-012->targets->bar.inbound_screening_triage","I-012","bar.inbound_screening_triage","targets","",""
"I-013->targets->bar.technical_screen_live_assessment","I-013","bar.technical_screen_live_assessment","targets","",""
"I-013->targets->mech.interview_resource_scheduling_saturation","I-013","mech.interview_resource_scheduling_saturation","targets","",""
"I-014->targets->mech.interview_resource_scheduling_saturation","I-014","mech.interview_resource_scheduling_saturation","targets","",""
"I-014->targets->bar.technical_screen_live_assessment","I-014","bar.technical_screen_live_assessment","targets","",""
"I-015->targets->bar.headcount_executive_budget_approval","I-015","bar.headcount_executive_budget_approval","targets","",""
"I-015->targets->bar.offer_closing_contract_execution","I-015","bar.offer_closing_contract_execution","targets","",""
"I-015->targets->mech.headcount_freeze_or_budget_cancellation","I-015","mech.headcount_freeze_or_budget_cancellation","targets","",""
"I-016->targets->bar.reference_background_verification","I-016","bar.reference_background_verification","targets","",""
"I-016->targets->bar.probation_period_post_start_confirmation","I-016","bar.probation_period_post_start_confirmation","targets","",""
"I-016->targets->mech.reference_check_discrepancy_or_regulatory_ineligibility","I-016","mech.reference_check_discrepancy_or_regulatory_ineligibility","targets","",""
"I-016->targets->mech.start_date_slippage_and_post_acceptance_revocation","I-016","mech.start_date_slippage_and_post_acceptance_revocation","targets","",""
"I-016->targets->mech.probation_used_as_extended_de_facto_interview","I-016","mech.probation_used_as_extended_de_facto_interview","targets","",""
"I-017->targets->mech.stronger_competing_candidate_in_final_cohort","I-017","mech.stronger_competing_candidate_in_final_cohort","targets","",""
"I-017->targets->bar.headcount_executive_budget_approval","I-017","bar.headcount_executive_budget_approval","targets","",""
"I-017->mitigates->pat.closed_then_reposted_requisition_motif","I-017","pat.closed_then_reposted_requisition_motif","mitigates","",""
